{
    "IN": {
        "currency": [
          "INR"
        ],
        "callingCode": [
          "91"
        ],
        "region": "Asia",
        "subregion": "Southern Asia",
        "flag": "flag-in",
        "name": {
          "common": "India",
          "ces": "Indie",
          "deu": "Indien",
          "fra": "Inde",
          "hrv": "Indija",
          "ita": "India",
          "jpn": "インド",
          "nld": "India",
          "por": "Índia",
          "rus": "Индия",
          "slk": "India",
          "spa": "India",
          "fin": "Intia",
          "est": "India",
          "zho": "印度",
          "pol": "Indie",
          "urd": "بھارت",
          "kor": "인도"
        }
      },"US": {
        "currency": [
          "USD"
        ],
        "callingCode": [
          "1"
        ],
        "region": "Americas",
        "subregion": "North America",
        "flag": "flag-us",
        "name": {
          "common": "United States",
          "ces": "Spojené státy",
          "deu": "Vereinigte Staaten",
          "fra": "États-Unis",
          "hrv": "Sjedinjene Američke Države",
          "ita": "Stati Uniti d'America",
          "jpn": "アメリカ合衆国",
          "nld": "Verenigde Staten",
          "por": "Estados Unidos",
          "rus": "Соединённые Штаты Америки",
          "slk": "Spojené štáty americké",
          "spa": "Estados Unidos",
          "fin": "Yhdysvallat",
          "est": "Ameerika Ühendriigid",
          "zho": "美国",
          "pol": "Stany Zjednoczone",
          "urd": "ریاستہائے متحدہ",
          "kor": "미국"
        }
      }
}